{
    "power_delta": [
        -4.144367342432686,
        46.45127993505107,
        43.777539475815395,
        10.343167020184602,
        40.697461116134065,
        38.72731555841699,
        37.16861580823896,
        41.04867877963954,
        41.04867877963954,
        7.750663100685525,
        24.624350935565076,
        45.714758975984864,
        46.45127993505107,
        46.45127993505107,
        -1.012543528218138,
        43.777539475815395,
        10.343167020184602,
        40.697461116134065,
        38.72731555841699,
        37.16861580823896,
        41.04867877963954,
        7.750663100685525,
        29.839381159779027,
        1.828415863575404,
        10.912100500398552,
        10.912100500398552,
        11.16487838589852,
        23.046793203787388,
        11.282456842131197,
        12.748475611301622,
        17.83469451583322,
        10.890958153455019,
        10.401478650406196,
        2.201728211436946,
        7.994822965088742,
        7.999077109808424,
        2.201728211436946,
        4.571512689910074,
        7.2197503107514525,
        21.50753993576546,
        11.303051205596343,
        39.77237414832412,
        17.654284617735946,
        2.891904290390692,
        1.9086018564636875,
        23.681037282423585,
        8.957722685476423,
        1.8507574250600252,
        25.21938884187759,
        6.631667825458713,
        32.81740674209436,
        -0.18966487571360435,
        38.96716906692846,
        39.93551165023287,
        38.04540856011315,
        15.536918511783545,
        21.128372578039926,
        40.744435659490016,
        36.488002223381876,
        36.488002223381876,
        17.654284617735946,
        2.891904290390692,
        1.9086018564636875,
        23.681037282423585,
        8.957722685476423,
        1.8507574250600252,
        25.21938884187759,
        6.631667825458713,
        32.81740674209436,
        -0.18966487571360435,
        38.96716906692846,
        39.93551165023287,
        38.04540856011315,
        15.536918511783545,
        37.64050286205029,
        21.128372578039926,
        40.744435659490016,
        36.488002223381876,
        40.98055802463398,
        27.67226723995419,
        2.493207438348934
    ],
    "line_off": [],
    "market": {
        "0": 0,
        "1": 0,
        "2": 0,
        "3": 10,
        "4": 0,
        "5": 9,
        "6": 9,
        "7": 18,
        "8": 0,
        "9": 0,
        "10": 0,
        "11": 0,
        "12": 0,
        "13": 0,
        "14": 0,
        "15": 0,
        "16": 0,
        "17": 0,
        "18": 0,
        "19": 0,
        "20": 0,
        "21": 0,
        "22": 0,
        "23": 0,
        "24": 0,
        "25": 0,
        "26": 0,
        "27": 0,
        "28": 0,
        "29": 0,
        "30": 0,
        "31": 0,
        "32": 0,
        "33": 0,
        "34": 0,
        "35": 0,
        "36": 0,
        "37": -20,
        "38": -10,
        "39": 0,
        "40": -15,
        "41": -15,
        "42": 0,
        "43": 0,
        "44": 0,
        "45": 0,
        "46": 0,
        "47": 0,
        "48": 0,
        "49": 0,
        "50": 0,
        "51": 0,
        "52": 0,
        "53": 0,
        "54": 0,
        "55": 0,
        "56": 0,
        "57": 0,
        "58": 0,
        "59": 0,
        "60": 0,
        "61": 0,
        "62": 0,
        "63": 0,
        "64": 0,
        "65": 0,
        "66": 0,
        "67": 0,
        "68": 0,
        "69": 0,
        "70": 0,
        "71": 0,
        "72": 0,
        "73": 0,
        "74": 0,
        "75": 0,
        "76": 0,
        "77": 0,
        "78": 0,
        "79": 0,
        "80": 0,
        "81": 0,
        "82": 0,
        "83": 0,
        "84": 0,
        "85": 0,
        "86": 0,
        "87": 0,
        "88": 0,
        "89": 0,
        "90": 0,
        "91": 0,
        "92": 0,
        "93": 0,
        "94": 0,
        "95": 0,
        "96": 0,
        "97": 0,
        "98": 0,
        "99": 0,
        "100": 0,
        "101": 0,
        "102": 0,
        "103": 0,
        "104": 0,
        "105": 0,
        "106": 0,
        "107": 0,
        "108": 0,
        "109": 0
    }
}